size,cost_per_unit,permanent
2,0.5,0.5
5,0.5,-2
10,1.5,2.5
20,0.7,-0.5
30,1.43333,-1
40,0.825,0
2,0.5,-1
5,0.5,1
10,1,0.5
20,2.2,-1
30,0.9,2
40,1.075,-0.5
2,1,1.5
5,1,-0.5
10,1,0.5
20,1.25,1.5
30,1.13333,1
40,1.575,1.5
2,1,1.5
5,1,0
10,1,-1
20,1.15,0
30,1.46667,0.5
40,1.825,-2
2,0.5,-0.5
5,1.7,-4
10,1.4,-0
20,1.45,4
30,3.96667,2
40,1.875,3.5
2,1.5,2.5
5,1,-0
10,1,-0.5
20,1.05,1.5
30,1.2,-0
40,2.8,0.5
2,1.5,-2
5,0.5,0
10,0.5,-1
20,1.55,1.5
30,1.36667,-0
40,1.725,-1.5
2,1,-1
5,0.5,-0
10,1,0.5
20,1,1
30,1.66667,2
40,3.95,0
2,1,1
5,1,0
10,1.5,-0.5
20,1.3,-1
30,1.36667,-1.5
40,1.45,-1.5
2,1,-1.5
5,1,1
10,0.8,0
20,1.35,-0.5
30,1.16667,2.5
40,2.2,1
2,1,0
5,1,-0
10,0.5,-2.5
20,3.25,0
30,2.4,2
40,1.85,1
2,1,-0.5
5,1.5,3.5
10,1.3,0.5
20,1.1,-0.5
30,1.83333,-2
40,1.7,-1
2,1,0
5,1,-0
10,1,1
20,1.2,-1
30,1,-1
40,2.125,-0.5
2,1.5,2
5,0.5,1.5
10,1.9,-1
20,1.5,0.5
30,1,-0
40,1.275,0.5
2,0.5,-0
5,1.4,-0
10,1,0.5
20,1.5,-1
30,1.93333,-0.5
40,2.025,-0.5
2,1,-0
5,1.5,1.5
10,1,-1
20,1.2,0.5
30,1.43333,1.5
40,1.275,-0.5
2,1,-0
5,1.5,1
10,0.5,1
20,1,-0.5
30,1.03333,1
40,0.85,-0
2,0.5,-1
5,0.9,-0.5
10,1.2,-0.5
20,1,-0.5
30,0.8,0
40,1.575,0
2,0.5,0.5
5,1.3,-1.5
10,1.4,-4.5
20,0.5,-0
30,1.83333,-1
40,3.025,-1
2,0.5,1.5
5,0.5,0
10,1.5,1.5
20,1,-0.5
30,2.06667,-1
40,1.875,0.5
2,1,1.5
5,1,1.5
10,1.3,-0.5
20,1.2,-1.5
30,1.86667,-1
40,1.9,2
2,1,1
5,1.5,0
10,1.1,2.5
20,1.8,0.5
30,1.56667,2.5
40,2.325,0.5
2,0.5,-0
5,1.5,-1.5
10,0.5,-2
20,1.7,4.5
30,1.56667,-1.5
40,2.175,-2.5
2,1,-6
5,1,-0
10,1.2,-0.5
20,1.3,0.5
30,1.56667,0.5
40,3.2,-0
2,0.5,-0.5
5,1,1
10,0.9,0
20,1.25,2
30,1.3,-1.5
40,1.125,1
2,0.5,-0.5
5,0.5,0
10,1,-1.5
20,1.3,1
30,1.96667,-0.5
40,1.75,0.5
2,1,-1
5,0.5,0
10,1,-1
20,1.2,2
2,0.5,0.5
5,1.3,-0.5
10,1,0.5
20,1.95,2
30,1.43333,0.5
40,1.975,2
2,1,1
5,0.5,1
10,0.5,1
20,1.15,0.5
30,1.86667,-0.5
40,1.75,-0
2,1,-1
5,0.5,1.5
10,1.3,0.5
20,1,1
30,1,0.5
40,2.3,-1
2,1,4.5
5,4,-2
10,1,0.5
20,1.15,0.5
30,1.06667,-0.5
40,2.1,1.5
2,1,-1.5
5,1,-0.5
10,1,2
20,1.5,2
30,1.3,0.5
40,1.8,1.5
2,0.5,-1
5,1,-0.5
10,1,-1
20,1.3,1
30,2.46667,0
40,0.825,1.5
2,1,0
5,1.5,2
10,1,0.5
20,1.15,0
30,1.2,-0
40,1.55,-0.5
2,1,0.5
5,1,1
10,1.1,-0
20,1.85,1.5
30,1.23333,-0.5
40,1.85,-1.5
2,1.5,-0
5,0.5,1.5
10,0.5,1.5
20,1.1,-1
30,1.7,-0.5
40,2.275,-1
2,0.5,0.5
5,0.5,-1
10,0.5,-0.5
20,1,-1
30,1.2,2.5
40,2.1,-2
2,1,-0
5,0.5,-2
10,1.6,-1
20,1.45,1
30,1.96667,5
27,4.40741,-1
2,2.5,-5.5
5,2.5,-4.5
10,3.3,-1
20,1.95,-1.5
30,2.26667,0.5
40,1.375,-0.5
2,0.5,-0.5
5,0.9,-1
10,1,1
20,1.9,1.5
30,1.63333,0
40,1.675,1.5
2,1,-1.5
5,1.5,-1
10,2,-0.5
20,0.5,0.5
30,1.36667,0.5
40,1.475,-1.5
2,0.5,2
5,0.5,0.5
10,0.5,-1
20,1,0.5
30,1.73333,-0.5
40,1.325,-1
2,1.5,1.5
5,1.4,-1.5
10,0.5,-1
20,1.4,1.5
30,2.2,0
40,0.725,2
2,1.5,1.5
5,0.5,-0
10,1.6,-0.5
20,2.9,1
30,1.46667,-1
40,1.7,-1.5
2,1,-1
5,1.8,1
10,1,0.5
20,0.5,1
30,2.16667,0
40,1.825,0.5
2,0.5,-1.5
5,0.7,0
10,0.5,-3
20,2.15,0.5
30,1.83333,-0
40,1.1,1
2,1,-0
5,1.5,-2.5
10,0.9,-1
20,1,1
30,1,-0.5
40,2.3,-0
2,1,1.5
5,2.6,-5.5
10,0.5,1
20,1.65,-0.5
30,1.33333,0.5
40,2.1,1
2,1,-0
5,1.5,-1.5
10,1.8,1
20,1,-0.5
30,1.7,-4
32,5.96875,-2.5
2,1,0
5,1.5,-0
10,0.5,0.5
20,1,0
30,1.33333,0.5
40,1.4,1
2,1,0.5
5,1,1.5
10,1.4,-0.5
20,1.05,1
30,1.43333,-0.5
40,1.975,1.5
2,1,-1
5,1.5,-0
10,1,0.5
20,1.05,-0.5
30,0.766667,3
40,1.55,0
2,1,-1
5,1.4,2.5
10,0.5,-0.5
20,1.15,1
30,1.83333,-2
40,2.25,1
2,1.5,0
5,0.5,-0
10,1.3,0
20,0.95,0.5
2,1,0.5
5,1,0
10,1.5,-0.5
20,0.5,-1
30,2.33333,-1
40,1.675,2.5
2,1.5,-0
5,0.5,-1
10,1,0.5
20,1,-0
30,1,1.5
40,1.825,0.5
2,1,-1
5,1,1
10,2.2,-1.5
20,0.5,1
30,0.5,0
40,1.825,2
2,1,1.5
5,1,-0
10,1.6,1
20,1,0
30,1.4,2
40,2.775,0.5
2,1.5,0
5,0.5,-3
10,0.9,3
20,1.25,-1
30,1.63333,1.5
40,2.75,-1
2,1,-1.5
5,1.3,-2
10,1,0.5
20,2.05,-0.5
30,1.3,-2.5
40,0.575,-0
2,1,-0
5,0.5,0.5
10,1.4,1
20,0.5,0
30,1.73333,0.5
40,1.825,-1.5
2,1,1
5,0.5,1
10,1.9,0
20,1.5,0.5
30,1.5,1
40,1.475,1.5
2,0.5,-2
5,0.5,2.5
10,1,-0.5
20,1.5,-0.5
30,1,0
40,2.05,0.5
2,1,-0
5,1.7,-2
10,1,-1
20,1.25,-1
30,1.2,0.5
40,1.425,1
2,1.5,-0.5
5,0.5,0.5
10,1,-0
20,0.5,-1
30,1.83333,0.5
40,1.725,1
2,0.5,0.5
5,0.5,1
10,1,1.5
20,1,-0
30,1.46667,5.5
40,5.6,-2.5
2,4,0.5
5,1,4.5
10,2.7,-0.5
20,1.75,-1.5
30,1.9,-1
40,1.175,-0.5
2,1,0
5,1,0.5
10,1,-1
20,1.35,-0
30,1.56667,0.5
40,1,0.5
2,1,0.5
5,0.5,0.5
10,1.5,0.5
20,1,0.5
30,0.5,0.5
40,1.725,0.5
2,1,0
5,2.3,-2
10,1.2,2.5
20,1.65,-1.5
30,1.23333,-2
40,3,5
2,1.5,0
5,0.5,-0
10,1,0.5
20,1.45,1.5
30,1.56667,1.5
40,1.825,-1
2,0.5,1.5
5,0.5,-0.5
10,1,0.5
20,1,1
30,1.46667,-0
40,1.275,1
2,1,-0.5
5,1.5,-0.5
10,1,-0.5
20,1.4,1
30,0.5,-0.5
40,1.575,0.5
2,1,0
5,0.5,-1
10,1,-0
20,0.5,0.5
30,1.36667,-1
40,1.575,-0.5
2,0.5,-0.5
5,0.5,0.5
10,1,0
20,1,1.5
30,2.73333,-2
40,5.725,4
2,0.5,1.5
5,1.6,-0
10,1.7,-0.5
20,1.05,-1
30,0.7,3.5
40,2.75,0.5
2,1,2.5
5,1.1,0.5
10,1.1,-0.5
20,1.1,-0.5
30,1.53333,-0.5
40,2.65,-1
2,0.5,1.5
5,1.5,-2.5
10,0.7,-1.5
20,1,0.5
30,1,-0.5
40,1.45,-1
2,0.5,0.5
5,0.5,0.5
10,1.2,1.5
20,1.8,0.5
30,2.3,0.5
40,2.15,0.5
2,1,-1
5,0.5,0.5
10,2.4,0
20,1,-1
30,1.26667,0.5
40,2.425,-0.5
2,1.5,-0.5
5,1.5,-0.5
10,1.5,-1
20,0.5,1
2,0.5,1
5,0.5,-0.5
10,1.5,0.5
20,1.2,-0.5
30,1.43333,1.5
40,1,2
2,1,-0.5
5,1.1,0
10,1.5,-2
20,1.4,1.5
30,1.5,-1
40,1.675,2.5
2,0.5,0.5
5,1,0.5
10,1,0
20,1.2,-0.5
30,1.83333,0.5
40,1.575,0.5
2,1,2.5
5,0.5,3.5
10,0.5,-0.5
20,0.7,1
30,1.66667,2
40,2.125,-0.5
2,1,1
5,0.9,1.5
10,1.1,-0.5
20,1.9,0.5
30,1.6,-1
40,1.775,1
2,0.5,0.5
5,1,0
10,1,0.5
20,1.35,0.5
30,1.43333,0
40,1.75,1
2,1,0.5
5,1,-2
10,0.5,-1
20,1.05,-1
30,1.13333,0
40,0.95,1
2,0.5,-2
5,1.6,-1
10,1.9,1.5
20,1.3,0.5
30,1.5,1
40,0.675,1.5
2,1,1
5,0.5,-0
10,1,0.5
20,1.05,-1
30,1.13333,0.5
40,1.65,2.5
2,1,-1
5,1,-0.5
10,1,1.5
20,0.85,-1.5
30,1.06667,-1
40,1.625,-1
2,0.5,-0
5,0.5,-1
10,1.9,1
20,3.35,3.5
30,1.56667,2
40,1.375,0.5
2,1,0
5,1,-1.5
10,1.2,0.5
20,0.55,1
30,1.4,0.5
40,2.625,2
2,1.5,-2.5
5,2.7,-1
10,1.5,-0.5
20,1,-1
30,1.76667,-1
40,3.05,1
2,1,-0.5
5,0.5,1
10,1,0.5
20,1,-1.5
30,2.73333,0.5
40,2.15,1.5
2,1,-0.5
5,1,-0
10,1.1,-0
20,1.9,0
30,1.5,7
40,2.775,0
2,1,-1
5,0.5,2.5
10,0.7,-1
20,1.4,0.5
30,1.66667,2
40,1.8,1
2,1,0.5
5,1,0.5
10,1,-0.5
20,1,0.5
30,1.56667,0.5
40,1.825,1
2,0.5,1
5,1,1.5
10,1.5,0.5
20,2.35,4
30,4.93333,1.5
40,1.525,0.5
2,1,-1
5,1,0.5
10,1.6,-0.5
20,0.8,-1.5
30,1.46667,2.5
40,1.675,6
2,1,0.5
5,1.4,-2
10,1,0.5
20,1.3,1
30,1.56667,0.5
40,2.175,-2
2,1,0.5
5,0.5,1
10,1,1.5
20,2.15,-1.5
30,1.03333,-0
40,1.5,-1.5
2,2,2
5,0.5,-1
10,1.3,2
20,1.05,1.5
30,1,-0.5
40,2.225,1
2,1,-1.5
5,0.5,4
10,2.1,0
20,1.55,0.5
30,1.53333,-1
40,1.55,1
2,1.5,2.5
5,1,0
10,0.5,1
20,0.65,1
30,1,1
40,1.75,1
2,1.5,-0.5
5,1,1.5
10,0.9,2
20,2.5,0
30,1.6,-2
40,3.125,-0.5
2,1,-0.5
5,0.5,-1
10,1.3,2
20,1,-0
30,1.7,-1
40,1.2,3
2,1,0.5
5,1.3,-0
10,1.2,-0.5
20,1.8,1.5
2,0.5,-2
5,0.5,1.5
10,1,-2
20,1.35,1.5
30,1.46667,-2
40,1.525,0.5
2,0.5,-1
5,1,2.5
10,1,0.5
20,1.25,1.5
30,0.9,-0.5
40,1.7,-1.5
2,0.5,-1
5,2,1
10,1.9,-1.5
20,1,-3
30,1.2,-3
40,2.225,-2
2,0.5,-0.5
5,1,0.5
10,0.5,1.5
20,1.45,1
30,1.5,1
40,2.975,0.5
2,1.5,-0.5
5,1.5,-2.5
10,1.1,2
20,1.6,1
30,1.23333,-1.5
40,2.525,-2
2,0.5,1
5,1,0
10,1,-0.5
20,1.7,0
30,1.56667,-0.5
40,1.95,0
2,0.5,0.5
5,1.2,-0.5
10,1,1
20,2.55,1
30,1,0.5
40,4.45,0.5
2,0.5,0.5
5,0.5,0.5
10,1.3,1.5
20,1.95,2
30,1.33333,1.5
40,1.075,1
2,1.5,0.5
5,1,1.5
10,0.5,1.5
20,1.35,0.5
30,1.66667,0
40,2.975,2
2,1.5,0.5
5,0.5,-0.5
10,0.8,-0.5
20,1,-0
30,1.46667,1.5
40,0.5,-0.5
2,0.5,-1
5,0.5,-1
10,0.9,-1
20,2.25,-0.5
30,1,-1
40,1.3,1
2,1.5,-1
5,1.5,0
10,1,-0.5
20,1.9,1.5
30,1.73333,-1.5
40,5.475,6
2,0.5,2
5,1,1
10,0.8,2
20,3.25,0.5
30,2.4,-0.5
40,1.8,2.5
2,1,-2
5,1,0.5
10,1.6,0.5
20,3.2,-3
30,1.06667,-3
40,4.925,-4
2,0.5,-1
5,1,0.5
10,1,-1
20,1.35,-1
30,0.5,0.5
40,1.725,0
2,0.5,1.5
5,1,-2.5
10,1,-1
20,0.85,0.5
30,3.33333,2
40,2.85,0.5
2,1.5,0
5,1,0.5
10,0.5,-1
20,0.5,-1
30,1.86667,1
40,2.25,1
2,0.5,0.5
5,1,1
10,1,1
20,1.3,-1
30,1.83333,-0.5
40,1,0
2,1,-0.5
5,0.5,-0.5
10,1.9,-1.5
20,1.45,2.5
30,1,-0.5
40,2.225,1.5
2,0.5,-5.5
5,0.9,0.5
10,1,0.5
20,2.3,-2
30,1.73333,1.5
40,2.7,1.5
2,0.5,-0.5
5,1,0
10,0.5,0.5
20,1,0
30,1.26667,0.5
40,1.5,-0
2,1.5,-0
5,1,0.5
10,1.4,-0.5
20,1.75,-0.5
30,1,0.5
40,1.375,0
2,0.5,1
5,1,-0
10,0.7,0
20,1,2
30,3.03333,1
40,2.075,0.5
2,1,-0
5,1,1
10,1,-0.5
20,1,1
30,1.13333,-0.5
40,3.425,-0
2,1.5,-1
5,1,-0
10,1.2,0.5
20,1.55,0.5
30,1.33333,0.5
40,2.425,1.5
2,1.5,-0
5,1,-1.5
10,1.5,0.5
20,1.55,0
30,1,0.5
40,1.65,0
2,1,-0.5
5,1,0
10,1,-0.5
20,1,0
