strategy,regime,horizon,fills,spread_capture,adverse_move,markout
Symmetric(join),calm,0,40894,0.649043,-0.254024,0.395019
Symmetric(join),calm,1,40888,0.649036,-0.275414,0.373621
Symmetric(join),calm,5,40863,0.649057,-0.304344,0.344713
Symmetric(join),calm,20,40738,0.648944,-0.366509,0.282435
Symmetric(join),calm,50,40469,0.649076,-0.379375,0.269702
Symmetric(join),volatile,0,8264,0.726298,-0.529244,0.197054
Symmetric(join),volatile,1,8261,0.726085,-0.634767,0.091318
Symmetric(join),volatile,5,8256,0.726019,-0.958867,-0.232848
Symmetric(join),volatile,20,8236,0.725856,-1.3113,-0.585447
Symmetric(join),volatile,50,8187,0.725819,-1.45168,-0.725858
Symmetric(wide),calm,0,5830,1.51095,-0.310692,1.20026
Symmetric(wide),calm,1,5828,1.51109,-0.277583,1.23351
Symmetric(wide),calm,5,5824,1.51135,-0.243088,1.26826
Symmetric(wide),calm,20,5807,1.51097,-0.244281,1.26669
Symmetric(wide),calm,50,5782,1.51124,-0.249142,1.26209
Symmetric(wide),volatile,0,3338,1.52684,-0.57792,0.948921
Symmetric(wide),volatile,1,3337,1.52685,-0.703923,0.822923
Symmetric(wide),volatile,5,3333,1.52716,-0.989144,0.53802
Symmetric(wide),volatile,20,3312,1.52842,-1.14643,0.381996
Symmetric(wide),volatile,50,3277,1.52818,-1.06875,0.459424
InventorySkew,calm,0,28301,0.77118,-0.247843,0.523337
InventorySkew,calm,1,28296,0.771193,-0.31288,0.458313
InventorySkew,calm,5,28270,0.771224,-0.336271,0.434954
InventorySkew,calm,20,28196,0.771175,-0.34512,0.426055
InventorySkew,calm,50,28007,0.771255,-0.343328,0.427927
InventorySkew,volatile,0,6554,0.886593,-0.53698,0.349613
InventorySkew,volatile,1,6552,0.886685,-0.644016,0.242669
InventorySkew,volatile,5,6545,0.886717,-0.891111,-0.00439451
InventorySkew,volatile,20,6521,0.886567,-1.06404,-0.177471
InventorySkew,volatile,50,6460,0.886025,-1.04935,-0.163327
AS,calm,0,7770,1.10963,-0.288306,0.821325
AS,calm,1,7770,1.10963,-0.378481,0.731151
AS,calm,5,7768,1.10976,-0.359994,0.749762
AS,calm,20,7741,1.10968,-0.34683,0.762853
AS,calm,50,7696,1.10922,-0.34297,0.76625
AS,volatile,0,1602,1.39281,-0.709957,0.682853
AS,volatile,1,1602,1.39281,-0.943441,0.449369
AS,volatile,5,1598,1.39406,-0.985566,0.408491
AS,volatile,20,1596,1.39416,-1.12625,0.267908
AS,volatile,50,1591,1.39496,-1.1004,0.294558
AS+imbalance,calm,0,6825,1.00558,-0.249775,0.755808
AS+imbalance,calm,1,6823,1.00548,-0.353456,0.652022
AS+imbalance,calm,5,6816,1.0057,-0.32975,0.675947
AS+imbalance,calm,20,6788,1.00572,-0.369922,0.635795
AS+imbalance,calm,50,6758,1.00544,-0.371567,0.633873
AS+imbalance,volatile,0,1631,1.4094,-0.705307,0.704097
AS+imbalance,volatile,1,1631,1.4094,-0.934544,0.47486
AS+imbalance,volatile,5,1629,1.41017,-1.0111,0.399067
AS+imbalance,volatile,20,1620,1.41143,-1.1299,0.281537
AS+imbalance,volatile,50,1609,1.41012,-1.15125,0.258875
