seed,strategy,total_pnl,spread_capture,inventory_pnl,fees,fills,volume,max_abs_inventory,mean_abs_inventory,final_inventory,step_sharpe
0,Symmetric(join),-11400.4,5120,-17295.5,-775.1,2483,7751,435,234.745,-337,-0.0247276
0,Symmetric(wide),1612.8,2278,-815,-149.8,482,1498,69,31.3323,-2,0.0229644
0,InventorySkew,2667.1,4230,-2093,-530.1,1639,5301,17,3.31574,-1,0.209193
0,AS,1397.6,1873,-644.5,-169.1,503,1691,8,1.36173,-1,0.193699
0,AS+imbalance,937.6,1533.5,-743,-147.1,437,1471,8,1.33333,1,0.130404
1,Symmetric(join),2697.8,4552.5,-2566,-711.3,2231,7113,193,77.5471,-183,0.0193513
1,Symmetric(wide),3262.6,2317,793,-152.6,475,1526,83,29.3125,44,0.0444984
1,InventorySkew,2685.9,4246.5,-2100.5,-539.9,1645,5399,22,3.4843,-1,0.237377
1,AS,1318.8,1759,-598,-157.8,458,1578,9,1.37792,0,0.179486
1,AS+imbalance,961.8,1639,-829,-151.8,449,1518,7,1.35093,2,0.128065
2,Symmetric(join),2939.8,4769,-2561,-731.8,2311,7318,104,27.4711,62,0.0473815
2,Symmetric(wide),-2165.8,2175,-4480.5,-139.7,457,1397,146,85.6683,123,-0.0106402
2,InventorySkew,2679.8,4236.5,-2106,-549.3,1663,5493,20,3.26615,-3,0.224723
2,AS,1278.6,1868.5,-752.5,-162.6,480,1626,9,1.27934,0,0.178396
2,AS+imbalance,976.4,1586,-745,-135.4,405,1354,9,1.37353,0,0.120444
3,Symmetric(join),5346.6,5351.5,-803.5,-798.6,2535,7986,127,40.0494,60,0.0653596
3,Symmetric(wide),-1277.2,2107,-3524,-139.8,450,1398,143,66.3071,130,-0.00856321
3,InventorySkew,2667.6,4514,-2417,-570.6,1737,5706,26,3.42292,2,0.173524
3,AS,1031.6,1633,-738,-136.6,415,1366,11,1.14977,0,0.146614
3,AS+imbalance,790.1,1351,-688,-127.1,379,1271,9,1.25915,-1,0.119542
4,Symmetric(join),1000.3,5368,-5172,-804.3,2525,8043,219,88.4465,167,0.00416697
4,Symmetric(wide),3123.4,2260.5,716,-146.9,478,1469,139,77.958,123,0.0188267
4,InventorySkew,2437,4215,-2317,-539,1642,5390,17,3.19616,4,0.209459
4,AS,1257.8,1836,-738.5,-160.3,468,1603,7,1.56949,-1,0.162706
4,AS+imbalance,1048.1,1597.5,-698.5,-149.1,435,1491,8,1.4941,1,0.132189
5,Symmetric(join),3351.6,5384.5,-2837.5,-804.6,2513,8046,156,69.3827,-124,0.0266072
5,Symmetric(wide),1921.6,2374.5,-608.5,-155.6,494,1556,88,22.6915,-62,0.0306143
5,InventorySkew,1884.6,4672.5,-3371.5,-583.6,1813,5836,36,3.5209,2,0.0883081
5,AS,1021.2,1559,-671.5,-133.7,403,1337,8,1.18996,-1,0.145293
5,AS+imbalance,805.3,1417,-747,-135.3,392,1353,7,1.34853,1,0.107933
6,Symmetric(join),-572.6,5033,-6381,-775.4,2423,7754,274,142.275,-196,-0.0021119
6,Symmetric(wide),1356.2,2551,-1366,-171.2,530,1712,74,23.7796,-22,0.0241703
6,InventorySkew,2578,4328,-2293,-543,1633,5430,22,3.36813,6,0.214199
6,AS,1133.8,1885.5,-917.5,-165.8,493,1658,8,1.28034,0,0.140671
6,AS+imbalance,949.2,1500,-688,-137.2,402,1372,7,1.19476,0,0.130775
7,Symmetric(join),-436.2,5042.5,-6239,-760.3,2391,7603,154,76.0864,-99,-0.00307958
7,Symmetric(wide),1256,2002,-879,-133,433,1330,89,31.3277,62,0.015093
7,InventorySkew,2477.6,4528.5,-2621,-570.1,1750,5701,24,3.52689,3,0.184345
7,AS,1227.1,1748,-680,-159.1,481,1591,6,1.29614,1,0.172963
7,AS+imbalance,941,1514,-712,-139,405,1390,7,1.44751,-2,0.122809
8,Symmetric(join),-4899.8,5324,-11037,-813.2,2582,8132,301,97.3403,-282,-0.0218578
8,Symmetric(wide),1105.1,3015.5,-2110.5,-200.1,638,2001,104,33.1124,33,0.0114336
8,InventorySkew,2119.6,4697.5,-3167.5,-589.6,1853,5896,28,3.80744,-2,0.134935
8,AS,1121.4,1725,-747,-143.4,423,1434,9,1.13237,0,0.140892
8,AS+imbalance,964.2,1470,-651.5,-145.7,433,1457,7,1.59988,-1,0.137273
9,Symmetric(join),2726.5,5179,-3231,-778.5,2421,7785,83,30.5553,19,0.0381602
9,Symmetric(wide),-23,2630,-2822.5,-169.5,542,1695,165,78.4553,-165,-9.86805e-05
9,InventorySkew,1499.2,5203,-4346,-642.2,1987,6422,30,3.997,-4,0.0615253
9,AS,1046.2,1700,-802.5,-148.7,450,1487,9,1.40612,1,0.137034
9,AS+imbalance,977.6,1547.5,-715,-145.1,422,1451,7,1.31934,1,0.134985
10,Symmetric(join),3031.2,5183,-2932,-780.2,2497,7802,136,56.009,-128,0.0290413
10,Symmetric(wide),2176.1,1791.5,264.5,-120.1,386,1201,45,12.8122,13,0.0682742
10,InventorySkew,2663.8,4735.5,-2659.5,-587.8,1811,5878,26,3.58968,6,0.168127
10,AS,1277,1770.5,-646,-152.5,445,1525,9,1.41332,-3,0.163679
10,AS+imbalance,1062.4,1687,-780.5,-155.9,461,1559,7,1.27914,-1,0.147977
11,Symmetric(join),-10470.4,5185.5,-16438.5,-782.6,2473,7826,337,137.044,-306,-0.0345943
11,Symmetric(wide),2363.2,2371,-163,-155.2,500,1552,63,22.7946,-28,0.0414819
11,InventorySkew,2689.8,4411,-2286,-564.8,1761,5648,20,3.25475,0,0.219663
11,AS,1496.6,2099.5,-783.5,-180.6,535,1806,8,1.45151,2,0.181144
11,AS+imbalance,1181.2,1945.5,-929.5,-165.2,485,1652,8,1.35313,0,0.140457
12,Symmetric(join),174.7,5419.5,-6055.5,-810.7,2560,8107,254,107.642,105,0.00061704
12,Symmetric(wide),1845.4,1875,-154,-124.4,410,1244,70,29.0636,-4,0.0258523
12,InventorySkew,2053.5,4362.5,-2860.5,-551.5,1670,5515,23,3.59528,1,0.146153
12,AS,1482.6,1972,-650.5,-161.1,479,1611,7,1.40772,-3,0.179839
12,AS+imbalance,885.6,1472,-723,-136.6,395,1366,7,1.25055,0,0.121288
13,Symmetric(join),7713.6,4844.5,2121.5,-747.6,2353,7476,206,97.9322,-184,0.0471884
13,Symmetric(wide),3240.6,1722,1401.5,-117.1,382,1171,132,71.0652,113,0.0235394
13,InventorySkew,1977.6,4759.5,-3383,-601.1,1853,6011,28,3.65767,-1,0.135125
13,AS,1346.8,1957.5,-781.5,-170.8,495,1708,8,1.39292,0,0.17423
13,AS+imbalance,911,1515,-743.5,-139.5,403,1395,7,1.09078,1,0.125087
14,Symmetric(join),2031.8,5313.5,-4068.5,-786.8,2549,7868,160,55.1974,-86,0.0171924
14,Symmetric(wide),350.4,1679,-1436,-107.4,355,1074,75,36.8008,-36,0.00487495
14,InventorySkew,2894.6,4913,-2632,-613.6,1884,6136,18,3.46691,-6,0.233643
14,AS,1307.2,1843.5,-701,-164.7,494,1647,19,1.42691,3,0.178241
14,AS+imbalance,1082,1666,-739,-155,453,1550,8,1.34313,4,0.145784
15,Symmetric(join),2824.2,5413.5,-3400,-810.7,2530,8107,75,16.8838,11,0.0628567
15,Symmetric(wide),2739,1905.5,705.5,-128,401,1280,98,54.5689,56,0.0252198
15,InventorySkew,2980.6,4751.5,-2354,-583.1,1779,5831,25,3.38932,-1,0.15976
15,AS,1272.2,1822.5,-708,-157.7,466,1577,8,1.44071,3,0.168348
15,AS+imbalance,928.6,1505.5,-713,-136.1,411,1361,6,1.20896,-3,0.130776
16,Symmetric(join),5613.2,4757.5,136,-719.7,2304,7197,135,52.9422,61,0.057355
16,Symmetric(wide),4193.6,2252,1791.5,-150.1,489,1501,119,48.9796,83,0.0333248
16,InventorySkew,2704,4079.5,-1910,-534.5,1640,5345,19,3.20456,3,0.257905
16,AS,1157.4,1708.5,-694.5,-143.4,428,1434,12,1.41752,0,0.149788
16,AS+imbalance,910.6,1581.5,-815,-144.1,426,1441,9,1.38852,-1,0.118318
17,Symmetric(join),2818,5411,-3406,-813,2590,8130,142,41.8814,-14,0.0243905
17,Symmetric(wide),2312.2,1751.5,445,-115.7,359,1157,92,36.6337,-39,0.0288744
17,InventorySkew,2284.7,4664.5,-2965.5,-585.7,1791,5857,19,3.53729,-9,0.148039
17,AS,1333,1977,-811.5,-167.5,491,1675,8,1.35193,1,0.176811
17,AS+imbalance,937.5,1548,-759,-148.5,433,1485,9,1.43131,-1,0.129473
18,Symmetric(join),5964.6,5263,-95,-796.6,2460,7966,201,86.3573,128,0.0292493
18,Symmetric(wide),3209,2170.5,896.5,-142,438,1420,61,30.0956,38,0.0512338
18,InventorySkew,2432,4259,-2361.5,-534.5,1678,5345,21,3.42072,1,0.198579
18,AS,1397.6,1943.5,-713.5,-167.6,508,1676,7,1.28954,0,0.184798
18,AS+imbalance,860.6,1460,-742,-142.6,424,1426,7,1.38812,-2,0.12409
19,Symmetric(join),2976.2,5109.5,-2898.5,-765.2,2427,7652,123,35.2042,-118,0.0411186
19,Symmetric(wide),-2505.7,2142,-4789,-141.3,469,1413,126,78.7045,61,-0.0140461
19,InventorySkew,2224.4,4111,-2417,-530.4,1626,5304,14,3.33953,2,0.168441
19,AS,1267.1,1888.5,-778.5,-157.1,457,1571,9,1.33033,-1,0.156857
19,AS+imbalance,768.8,1534,-903,-137.8,406,1378,9,1.32094,0,0.0967612
